Instance Name,Nominal Voltage,Internal Power,Switch Power,Leakage Power,Total Power
_1326_,1.1,2.994e-06,0.000e+00,1.064e-07,3.100e-06
_1124_,1.1,2.294e-06,0.000e+00,7.242e-08,2.366e-06
state_reg_$_DFF_P__Q_7,1.1,2.164e-06,0.000e+00,3.968e-08,2.203e-06
_1093_,1.1,2.011e-06,0.000e+00,1.007e-07,2.112e-06
ar_valid_reg_$_SDFF_PP0__Q,1.1,2.069e-06,0.000e+00,3.885e-08,2.107e-06
state_reg_$_DFF_P__Q,1.1,2.050e-06,0.000e+00,3.891e-08,2.089e-06
state_reg_$_DFF_P__Q_3,1.1,1.995e-06,0.000e+00,3.877e-08,2.033e-06
_1123_,1.1,1.927e-06,0.000e+00,1.007e-07,2.028e-06
_1180_,1.1,1.918e-06,0.000e+00,1.007e-07,2.019e-06
aw_valid_reg_$_SDFF_PP0__Q,1.1,1.974e-06,0.000e+00,3.860e-08,2.013e-06
_1091_,1.1,1.907e-06,0.000e+00,1.007e-07,2.007e-06
_1122_,1.1,1.906e-06,0.000e+00,1.007e-07,2.007e-06
fanout_buf_1,1.1,1.819e-06,0.000e+00,1.722e-07,1.991e-06
_1089_,1.1,1.882e-06,0.000e+00,1.007e-07,1.982e-06
_1109_,1.1,1.881e-06,0.000e+00,1.007e-07,1.982e-06
state_reg_$_DFF_P__Q_2,1.1,1.941e-06,0.000e+00,2.785e-08,1.968e-06
_1098_,1.1,1.861e-06,0.000e+00,1.007e-07,1.962e-06
_1092_,1.1,1.861e-06,0.000e+00,1.007e-07,1.962e-06
_1090_,1.1,1.861e-06,0.000e+00,1.007e-07,1.961e-06
state_reg_$_DFF_P__Q_1,1.1,1.912e-06,0.000e+00,2.900e-08,1.941e-06
_1181_,1.1,1.820e-06,0.000e+00,1.007e-07,1.921e-06
_1379_,1.1,1.874e-06,0.000e+00,2.753e-08,1.902e-06
state_reg_$_DFF_P__Q_6,1.1,1.852e-06,0.000e+00,2.561e-08,1.877e-06
_1133_,1.1,1.685e-06,0.000e+00,1.722e-07,1.857e-06
state_reg_$_DFF_P__Q_5,1.1,1.731e-06,0.000e+00,3.856e-08,1.770e-06
state_reg_$_DFF_P__Q_4,1.1,1.725e-06,0.000e+00,3.838e-08,1.764e-06
_1384_,1.1,1.691e-06,0.000e+00,3.649e-08,1.728e-06
_1387_,1.1,1.691e-06,0.000e+00,3.649e-08,1.728e-06
_1388_,1.1,1.691e-06,0.000e+00,3.649e-08,1.728e-06
_1389_,1.1,1.691e-06,0.000e+00,3.649e-08,1.728e-06
_1390_,1.1,1.691e-06,0.000e+00,3.649e-08,1.728e-06
_1391_,1.1,1.691e-06,0.000e+00,3.649e-08,1.728e-06
_1134_,1.1,1.638e-06,0.000e+00,5.319e-08,1.691e-06
w_valid_reg_$_SDFF_PP0__Q,1.1,1.650e-06,0.000e+00,2.190e-08,1.672e-06
_1386_,1.1,1.594e-06,0.000e+00,3.649e-08,1.631e-06
_1385_,1.1,1.572e-06,0.000e+00,3.649e-08,1.609e-06
_1383_,1.1,1.549e-06,0.000e+00,3.649e-08,1.586e-06
_0857_,1.1,1.505e-06,0.000e+00,4.211e-08,1.547e-06
temp_$_SDFFE_PP0P__Q,1.1,1.486e-06,0.000e+00,2.881e-08,1.515e-06
_0907_,1.1,1.401e-06,0.000e+00,2.570e-08,1.427e-06
ar_addr_reg_$_SDFFE_PP0P__Q_19,1.1,1.364e-06,0.000e+00,3.911e-08,1.403e-06
_0972_,1.1,1.266e-06,0.000e+00,9.863e-08,1.365e-06
_1097_,1.1,1.325e-06,0.000e+00,2.702e-08,1.353e-06
_1108_,1.1,1.311e-06,0.000e+00,2.702e-08,1.338e-06
_1121_,1.1,1.294e-06,0.000e+00,2.702e-08,1.322e-06
ar_addr_reg_$_SDFFE_PP0P__Q_27,1.1,1.276e-06,0.000e+00,3.871e-08,1.314e-06
ar_addr_reg_$_SDFFE_PP0P__Q_4,1.1,1.274e-06,0.000e+00,3.895e-08,1.313e-06
ar_addr_reg_$_SDFFE_PP0P__Q_7,1.1,1.274e-06,0.000e+00,3.895e-08,1.313e-06
ar_addr_reg_$_SDFFE_PP0P__Q_22,1.1,1.274e-06,0.000e+00,3.895e-08,1.313e-06
ar_addr_reg_$_SDFFE_PP0P__Q_6,1.1,1.274e-06,0.000e+00,3.895e-08,1.313e-06
ar_addr_reg_$_SDFFE_PP0P__Q_5,1.1,1.274e-06,0.000e+00,3.895e-08,1.313e-06
ar_addr_reg_$_SDFFE_PP0P__Q_26,1.1,1.265e-06,0.000e+00,3.871e-08,1.303e-06
_0849_,1.1,1.231e-06,0.000e+00,4.200e-08,1.273e-06
ar_addr_reg_$_SDFFE_PP0P__Q_25,1.1,1.221e-06,0.000e+00,3.869e-08,1.259e-06
ar_addr_reg_$_SDFFE_PP0P__Q_28,1.1,1.215e-06,0.000e+00,3.870e-08,1.254e-06
ar_addr_reg_$_SDFFE_PP0P__Q_21,1.1,1.213e-06,0.000e+00,3.892e-08,1.252e-06
_0727_,1.1,1.206e-06,0.000e+00,4.211e-08,1.248e-06
_0721_,1.1,1.206e-06,0.000e+00,4.211e-08,1.248e-06
_0722_,1.1,1.206e-06,0.000e+00,4.211e-08,1.248e-06
_0723_,1.1,1.206e-06,0.000e+00,4.211e-08,1.248e-06
_0724_,1.1,1.206e-06,0.000e+00,4.211e-08,1.248e-06
_0726_,1.1,1.206e-06,0.000e+00,4.211e-08,1.248e-06
_0728_,1.1,1.206e-06,0.000e+00,4.211e-08,1.248e-06
_0729_,1.1,1.206e-06,0.000e+00,4.211e-08,1.248e-06
_1125_,1.1,1.163e-06,0.000e+00,8.456e-08,1.248e-06
_1297_,1.1,1.220e-06,0.000e+00,2.702e-08,1.247e-06
_1337_,1.1,1.220e-06,0.000e+00,2.702e-08,1.247e-06
_1080_,1.1,1.220e-06,0.000e+00,2.702e-08,1.247e-06
_1290_,1.1,1.218e-06,0.000e+00,2.702e-08,1.245e-06
_1317_,1.1,1.218e-06,0.000e+00,2.702e-08,1.245e-06
_1330_,1.1,1.218e-06,0.000e+00,2.702e-08,1.245e-06
_1224_,1.1,1.218e-06,0.000e+00,2.702e-08,1.245e-06
_1192_,1.1,1.217e-06,0.000e+00,2.702e-08,1.244e-06
_1185_,1.1,1.217e-06,0.000e+00,2.702e-08,1.244e-06
_1231_,1.1,1.217e-06,0.000e+00,2.702e-08,1.244e-06
_1246_,1.1,1.217e-06,0.000e+00,2.702e-08,1.244e-06
_1261_,1.1,1.217e-06,0.000e+00,2.702e-08,1.244e-06
_1128_,1.1,1.217e-06,0.000e+00,2.702e-08,1.244e-06
_1137_,1.1,1.217e-06,0.000e+00,2.702e-08,1.244e-06
_0720_,1.1,1.201e-06,0.000e+00,4.211e-08,1.243e-06
_0746_,1.1,1.201e-06,0.000e+00,4.211e-08,1.243e-06
_0732_,1.1,1.201e-06,0.000e+00,4.211e-08,1.243e-06
_0733_,1.1,1.201e-06,0.000e+00,4.211e-08,1.243e-06
_0735_,1.1,1.201e-06,0.000e+00,4.211e-08,1.243e-06
_0736_,1.1,1.201e-06,0.000e+00,4.211e-08,1.243e-06
_0737_,1.1,1.201e-06,0.000e+00,4.211e-08,1.243e-06
_0738_,1.1,1.201e-06,0.000e+00,4.211e-08,1.243e-06
_0751_,1.1,1.201e-06,0.000e+00,4.211e-08,1.243e-06
_0750_,1.1,1.201e-06,0.000e+00,4.211e-08,1.243e-06
_0752_,1.1,1.201e-06,0.000e+00,4.211e-08,1.243e-06
_0748_,1.1,1.201e-06,0.000e+00,4.211e-08,1.243e-06
_0747_,1.1,1.201e-06,0.000e+00,4.211e-08,1.243e-06
_0745_,1.1,1.201e-06,0.000e+00,4.211e-08,1.243e-06
_0743_,1.1,1.201e-06,0.000e+00,4.211e-08,1.243e-06
_0742_,1.1,1.201e-06,0.000e+00,4.211e-08,1.243e-06
_0741_,1.1,1.201e-06,0.000e+00,4.211e-08,1.243e-06
_0740_,1.1,1.201e-06,0.000e+00,4.211e-08,1.243e-06
_0753_,1.1,1.201e-06,0.000e+00,4.211e-08,1.243e-06
_1206_,1.1,1.215e-06,0.000e+00,2.702e-08,1.242e-06
_1169_,1.1,1.215e-06,0.000e+00,2.702e-08,1.242e-06
_1144_,1.1,1.215e-06,0.000e+00,2.702e-08,1.242e-06
_0754_,1.1,1.177e-06,0.000e+00,2.702e-08,1.204e-06
_0744_,1.1,1.177e-06,0.000e+00,2.702e-08,1.204e-06
_0749_,1.1,1.177e-06,0.000e+00,2.702e-08,1.204e-06
_0739_,1.1,1.177e-06,0.000e+00,2.702e-08,1.204e-06
_1041_,1.1,1.173e-06,0.000e+00,2.702e-08,1.200e-06
_1382_,1.1,1.164e-06,0.000e+00,2.702e-08,1.191e-06
_1088_,1.1,1.081e-06,0.000e+00,8.480e-08,1.165e-06
ar_addr_reg_$_SDFFE_PP0P__Q_29,1.1,1.108e-06,0.000e+00,3.857e-08,1.147e-06
_0764_,1.1,1.060e-06,0.000e+00,8.107e-08,1.141e-06
_0780_,1.1,1.054e-06,0.000e+00,8.107e-08,1.135e-06
_0806_,1.1,1.047e-06,0.000e+00,8.624e-08,1.133e-06
_0968_,1.1,1.103e-06,0.000e+00,2.829e-08,1.131e-06
_1376_,1.1,1.066e-06,0.000e+00,5.629e-08,1.122e-06
k_$_SDFFE_PP0P__Q_1,1.1,1.065e-06,0.000e+00,3.861e-08,1.103e-06
ar_addr_reg_$_SDFFE_PP0P__Q_24,1.1,1.061e-06,0.000e+00,3.854e-08,1.100e-06
_0832_,1.1,1.046e-06,0.000e+00,5.034e-08,1.096e-06
_0858_,1.1,1.047e-06,0.000e+00,4.122e-08,1.089e-06
_0958_,1.1,9.980e-07,0.000e+00,9.037e-08,1.088e-06
_0963_,1.1,1.037e-06,0.000e+00,4.570e-08,1.082e-06
j_$_SDFFE_PP0P__Q_1,1.1,1.030e-06,0.000e+00,3.858e-08,1.068e-06
_0975_,1.1,1.013e-06,0.000e+00,5.035e-08,1.063e-06
temp_$_SDFFE_PP0P__Q_1,1.1,1.031e-06,0.000e+00,2.881e-08,1.060e-06
_0763_,1.1,1.027e-06,0.000e+00,2.322e-08,1.050e-06
_0781_,1.1,9.649e-07,0.000e+00,8.161e-08,1.046e-06
_0859_,1.1,9.916e-07,0.000e+00,4.923e-08,1.041e-06
data0_$_SDFFE_PP0P__Q_26,1.1,1.003e-06,0.000e+00,3.785e-08,1.041e-06
data0_$_SDFFE_PP0P__Q_20,1.1,1.003e-06,0.000e+00,3.785e-08,1.041e-06
data0_$_SDFFE_PP0P__Q_14,1.1,1.003e-06,0.000e+00,3.785e-08,1.041e-06
data0_$_SDFFE_PP0P__Q_31,1.1,1.003e-06,0.000e+00,3.785e-08,1.041e-06
data1_$_SDFFE_PP0P__Q_31,1.1,1.003e-06,0.000e+00,3.785e-08,1.041e-06
data1_$_SDFFE_PP0P__Q_30,1.1,1.003e-06,0.000e+00,3.785e-08,1.041e-06
data0_$_SDFFE_PP0P__Q_4,1.1,1.003e-06,0.000e+00,3.785e-08,1.041e-06
data0_$_SDFFE_PP0P__Q_28,1.1,1.003e-06,0.000e+00,3.785e-08,1.041e-06
data0_$_SDFFE_PP0P__Q_15,1.1,1.003e-06,0.000e+00,3.785e-08,1.041e-06
data0_$_SDFFE_PP0P__Q_6,1.1,1.003e-06,0.000e+00,3.785e-08,1.041e-06
data0_$_SDFFE_PP0P__Q_7,1.1,1.003e-06,0.000e+00,3.785e-08,1.041e-06
data0_$_SDFFE_PP0P__Q_8,1.1,1.003e-06,0.000e+00,3.785e-08,1.041e-06
data2_$_SDFFE_PP0P__Q_31,1.1,1.003e-06,0.000e+00,3.785e-08,1.041e-06
data0_$_SDFFE_PP0P__Q_24,1.1,1.003e-06,0.000e+00,3.785e-08,1.041e-06
data0_$_SDFFE_PP0P__Q_22,1.1,1.003e-06,0.000e+00,3.785e-08,1.041e-06
data0_$_SDFFE_PP0P__Q_12,1.1,1.003e-06,0.000e+00,3.785e-08,1.041e-06
data0_$_SDFFE_PP0P__Q_18,1.1,1.003e-06,0.000e+00,3.785e-08,1.041e-06
data2_$_SDFFE_PP0P__Q_30,1.1,1.003e-06,0.000e+00,3.785e-08,1.041e-06
data0_$_SDFFE_PP0P__Q_11,1.1,1.003e-06,0.000e+00,3.785e-08,1.041e-06
data0_$_SDFFE_PP0P__Q_10,1.1,1.003e-06,0.000e+00,3.785e-08,1.041e-06
data2_$_SDFFE_PP0P__Q_27,1.1,1.001e-06,0.000e+00,3.785e-08,1.038e-06
data1_$_SDFFE_PP0P__Q_20,1.1,1.001e-06,0.000e+00,3.785e-08,1.038e-06
data0_$_SDFFE_PP0P__Q_23,1.1,1.001e-06,0.000e+00,3.785e-08,1.038e-06
data2_$_SDFFE_PP0P__Q_12,1.1,1.001e-06,0.000e+00,3.785e-08,1.038e-06
data2_$_SDFFE_PP0P__Q_22,1.1,1.001e-06,0.000e+00,3.785e-08,1.038e-06
data2_$_SDFFE_PP0P__Q_23,1.1,1.001e-06,0.000e+00,3.785e-08,1.038e-06
data2_$_SDFFE_PP0P__Q_26,1.1,1.001e-06,0.000e+00,3.785e-08,1.038e-06
data1_$_SDFFE_PP0P__Q_21,1.1,1.001e-06,0.000e+00,3.785e-08,1.038e-06
data2_$_SDFFE_PP0P__Q_25,1.1,1.001e-06,0.000e+00,3.785e-08,1.038e-06
data1_$_SDFFE_PP0P__Q_2,1.1,1.001e-06,0.000e+00,3.785e-08,1.038e-06
data2_$_SDFFE_PP0P__Q_11,1.1,1.001e-06,0.000e+00,3.785e-08,1.038e-06
data2_$_SDFFE_PP0P__Q_24,1.1,1.001e-06,0.000e+00,3.785e-08,1.038e-06
data0_$_SDFFE_PP0P__Q_2,1.1,1.001e-06,0.000e+00,3.785e-08,1.038e-06
data0_$_SDFFE_PP0P__Q_16,1.1,1.001e-06,0.000e+00,3.785e-08,1.038e-06
data2_$_SDFFE_PP0P__Q_18,1.1,1.001e-06,0.000e+00,3.785e-08,1.038e-06
data2_$_SDFFE_PP0P__Q_19,1.1,1.001e-06,0.000e+00,3.785e-08,1.038e-06
data0_$_SDFFE_PP0P__Q_13,1.1,1.001e-06,0.000e+00,3.785e-08,1.038e-06
data0_$_SDFFE_PP0P__Q_17,1.1,1.001e-06,0.000e+00,3.785e-08,1.038e-06
data0_$_SDFFE_PP0P__Q_1,1.1,1.001e-06,0.000e+00,3.785e-08,1.038e-06
data0_$_SDFFE_PP0P__Q,1.1,1.001e-06,0.000e+00,3.785e-08,1.038e-06
data0_$_SDFFE_PP0P__Q_19,1.1,1.001e-06,0.000e+00,3.785e-08,1.038e-06
data2_$_SDFFE_PP0P__Q_2,1.1,1.001e-06,0.000e+00,3.785e-08,1.038e-06
data2_$_SDFFE_PP0P__Q_13,1.1,1.001e-06,0.000e+00,3.785e-08,1.038e-06
data2_$_SDFFE_PP0P__Q_17,1.1,1.001e-06,0.000e+00,3.785e-08,1.038e-06
data2_$_SDFFE_PP0P__Q_16,1.1,1.001e-06,0.000e+00,3.785e-08,1.038e-06
data2_$_SDFFE_PP0P__Q,1.1,1.001e-06,0.000e+00,3.785e-08,1.038e-06
data2_$_SDFFE_PP0P__Q_15,1.1,1.001e-06,0.000e+00,3.785e-08,1.038e-06
data1_$_SDFFE_PP0P__Q_19,1.1,1.001e-06,0.000e+00,3.785e-08,1.038e-06
data0_$_SDFFE_PP0P__Q_21,1.1,1.001e-06,0.000e+00,3.785e-08,1.038e-06
data2_$_SDFFE_PP0P__Q_20,1.1,1.001e-06,0.000e+00,3.785e-08,1.038e-06
data2_$_SDFFE_PP0P__Q_14,1.1,1.001e-06,0.000e+00,3.785e-08,1.038e-06
data2_$_SDFFE_PP0P__Q_21,1.1,1.001e-06,0.000e+00,3.785e-08,1.038e-06
data1_$_SDFFE_PP0P__Q_11,1.1,1.001e-06,0.000e+00,3.785e-08,1.038e-06
data1_$_SDFFE_PP0P__Q_5,1.1,1.001e-06,0.000e+00,3.785e-08,1.038e-06
data0_$_SDFFE_PP0P__Q_30,1.1,1.001e-06,0.000e+00,3.785e-08,1.038e-06
data1_$_SDFFE_PP0P__Q_4,1.1,1.001e-06,0.000e+00,3.785e-08,1.038e-06
data0_$_SDFFE_PP0P__Q_5,1.1,1.001e-06,0.000e+00,3.785e-08,1.038e-06
data1_$_SDFFE_PP0P__Q_3,1.1,1.001e-06,0.000e+00,3.785e-08,1.038e-06
data0_$_SDFFE_PP0P__Q_9,1.1,1.001e-06,0.000e+00,3.785e-08,1.038e-06
data1_$_SDFFE_PP0P__Q,1.1,1.001e-06,0.000e+00,3.785e-08,1.038e-06
data1_$_SDFFE_PP0P__Q_1,1.1,1.001e-06,0.000e+00,3.785e-08,1.038e-06
data1_$_SDFFE_PP0P__Q_29,1.1,1.001e-06,0.000e+00,3.785e-08,1.038e-06
data1_$_SDFFE_PP0P__Q_10,1.1,1.001e-06,0.000e+00,3.785e-08,1.038e-06
data1_$_SDFFE_PP0P__Q_28,1.1,1.001e-06,0.000e+00,3.785e-08,1.038e-06
data0_$_SDFFE_PP0P__Q_3,1.1,1.001e-06,0.000e+00,3.785e-08,1.038e-06
data1_$_SDFFE_PP0P__Q_12,1.1,1.001e-06,0.000e+00,3.785e-08,1.038e-06
data1_$_SDFFE_PP0P__Q_13,1.1,1.001e-06,0.000e+00,3.785e-08,1.038e-06
data1_$_SDFFE_PP0P__Q_14,1.1,1.001e-06,0.000e+00,3.785e-08,1.038e-06
data1_$_SDFFE_PP0P__Q_15,1.1,1.001e-06,0.000e+00,3.785e-08,1.038e-06
data1_$_SDFFE_PP0P__Q_27,1.1,1.001e-06,0.000e+00,3.785e-08,1.038e-06
data1_$_SDFFE_PP0P__Q_26,1.1,1.001e-06,0.000e+00,3.785e-08,1.038e-06
data1_$_SDFFE_PP0P__Q_25,1.1,1.001e-06,0.000e+00,3.785e-08,1.038e-06
data1_$_SDFFE_PP0P__Q_24,1.1,1.001e-06,0.000e+00,3.785e-08,1.038e-06
data1_$_SDFFE_PP0P__Q_17,1.1,1.001e-06,0.000e+00,3.785e-08,1.038e-06
data1_$_SDFFE_PP0P__Q_23,1.1,1.001e-06,0.000e+00,3.785e-08,1.038e-06
data1_$_SDFFE_PP0P__Q_6,1.1,1.001e-06,0.000e+00,3.785e-08,1.038e-06
data1_$_SDFFE_PP0P__Q_22,1.1,1.001e-06,0.000e+00,3.785e-08,1.038e-06
data2_$_SDFFE_PP0P__Q_1,1.1,1.001e-06,0.000e+00,3.785e-08,1.038e-06
data2_$_SDFFE_PP0P__Q_28,1.1,1.001e-06,0.000e+00,3.785e-08,1.038e-06
data2_$_SDFFE_PP0P__Q_29,1.1,1.001e-06,0.000e+00,3.785e-08,1.038e-06
data0_$_SDFFE_PP0P__Q_25,1.1,1.001e-06,0.000e+00,3.785e-08,1.038e-06
data2_$_SDFFE_PP0P__Q_3,1.1,1.001e-06,0.000e+00,3.785e-08,1.038e-06
data1_$_SDFFE_PP0P__Q_18,1.1,1.001e-06,0.000e+00,3.785e-08,1.038e-06
data1_$_SDFFE_PP0P__Q_16,1.1,1.001e-06,0.000e+00,3.785e-08,1.038e-06
data1_$_SDFFE_PP0P__Q_9,1.1,1.001e-06,0.000e+00,3.785e-08,1.038e-06
data2_$_SDFFE_PP0P__Q_4,1.1,1.001e-06,0.000e+00,3.785e-08,1.038e-06
data1_$_SDFFE_PP0P__Q_8,1.1,1.001e-06,0.000e+00,3.785e-08,1.038e-06
data2_$_SDFFE_PP0P__Q_5,1.1,1.001e-06,0.000e+00,3.785e-08,1.038e-06
data2_$_SDFFE_PP0P__Q_6,1.1,1.001e-06,0.000e+00,3.785e-08,1.038e-06
data2_$_SDFFE_PP0P__Q_7,1.1,1.001e-06,0.000e+00,3.785e-08,1.038e-06
data2_$_SDFFE_PP0P__Q_8,1.1,1.001e-06,0.000e+00,3.785e-08,1.038e-06
data2_$_SDFFE_PP0P__Q_9,1.1,1.001e-06,0.000e+00,3.785e-08,1.038e-06
data0_$_SDFFE_PP0P__Q_27,1.1,1.001e-06,0.000e+00,3.785e-08,1.038e-06
data1_$_SDFFE_PP0P__Q_7,1.1,1.001e-06,0.000e+00,3.785e-08,1.038e-06
data0_$_SDFFE_PP0P__Q_29,1.1,1.001e-06,0.000e+00,3.785e-08,1.038e-06
data2_$_SDFFE_PP0P__Q_10,1.1,1.001e-06,0.000e+00,3.785e-08,1.038e-06
data3_$_SDFFE_PP0P__Q_29,1.1,9.968e-07,0.000e+00,3.898e-08,1.036e-06
data3_$_SDFFE_PP0P__Q_5,1.1,9.968e-07,0.000e+00,3.898e-08,1.036e-06
data3_$_SDFFE_PP0P__Q_28,1.1,9.968e-07,0.000e+00,3.898e-08,1.036e-06
data3_$_SDFFE_PP0P__Q_8,1.1,9.968e-07,0.000e+00,3.898e-08,1.036e-06
data3_$_SDFFE_PP0P__Q_23,1.1,9.968e-07,0.000e+00,3.898e-08,1.036e-06
data3_$_SDFFE_PP0P__Q_14,1.1,9.968e-07,0.000e+00,3.898e-08,1.036e-06
data3_$_SDFFE_PP0P__Q_13,1.1,9.968e-07,0.000e+00,3.898e-08,1.036e-06
data3_$_SDFFE_PP0P__Q_7,1.1,9.968e-07,0.000e+00,3.898e-08,1.036e-06
data3_$_SDFFE_PP0P__Q_6,1.1,9.968e-07,0.000e+00,3.898e-08,1.036e-06
data3_$_SDFFE_PP0P__Q_27,1.1,9.968e-07,0.000e+00,3.898e-08,1.036e-06
data3_$_SDFFE_PP0P__Q_24,1.1,9.968e-07,0.000e+00,3.898e-08,1.036e-06
data3_$_SDFFE_PP0P__Q_15,1.1,9.968e-07,0.000e+00,3.898e-08,1.036e-06
data3_$_SDFFE_PP0P__Q_4,1.1,9.968e-07,0.000e+00,3.898e-08,1.036e-06
data3_$_SDFFE_PP0P__Q,1.1,9.968e-07,0.000e+00,3.898e-08,1.036e-06
data3_$_SDFFE_PP0P__Q_1,1.1,9.968e-07,0.000e+00,3.898e-08,1.036e-06
data3_$_SDFFE_PP0P__Q_10,1.1,9.968e-07,0.000e+00,3.898e-08,1.036e-06
data3_$_SDFFE_PP0P__Q_25,1.1,9.968e-07,0.000e+00,3.898e-08,1.036e-06
data3_$_SDFFE_PP0P__Q_26,1.1,9.968e-07,0.000e+00,3.898e-08,1.036e-06
data3_$_SDFFE_PP0P__Q_11,1.1,9.968e-07,0.000e+00,3.898e-08,1.036e-06
data3_$_SDFFE_PP0P__Q_30,1.1,9.968e-07,0.000e+00,3.898e-08,1.036e-06
data3_$_SDFFE_PP0P__Q_12,1.1,9.968e-07,0.000e+00,3.898e-08,1.036e-06
data3_$_SDFFE_PP0P__Q_16,1.1,9.968e-07,0.000e+00,3.898e-08,1.036e-06
data3_$_SDFFE_PP0P__Q_21,1.1,9.968e-07,0.000e+00,3.898e-08,1.036e-06
data3_$_SDFFE_PP0P__Q_20,1.1,9.968e-07,0.000e+00,3.898e-08,1.036e-06
data3_$_SDFFE_PP0P__Q_2,1.1,9.968e-07,0.000e+00,3.898e-08,1.036e-06
data3_$_SDFFE_PP0P__Q_22,1.1,9.968e-07,0.000e+00,3.898e-08,1.036e-06
data3_$_SDFFE_PP0P__Q_3,1.1,9.968e-07,0.000e+00,3.898e-08,1.036e-06
data3_$_SDFFE_PP0P__Q_19,1.1,9.968e-07,0.000e+00,3.898e-08,1.036e-06
data3_$_SDFFE_PP0P__Q_9,1.1,9.968e-07,0.000e+00,3.898e-08,1.036e-06
data3_$_SDFFE_PP0P__Q_18,1.1,9.968e-07,0.000e+00,3.898e-08,1.036e-06
data3_$_SDFFE_PP0P__Q_17,1.1,9.968e-07,0.000e+00,3.898e-08,1.036e-06
data3_$_SDFFE_PP0P__Q_31,1.1,9.968e-07,0.000e+00,3.898e-08,1.036e-06
ar_addr_reg_$_SDFFE_PP0P__Q,1.1,9.935e-07,0.000e+00,3.845e-08,1.032e-06
ar_addr_reg_$_SDFFE_PP0P__Q_2,1.1,9.935e-07,0.000e+00,3.845e-08,1.032e-06
rdata_reg_$_SDFFE_PP0P__Q_23,1.1,9.918e-07,0.000e+00,3.898e-08,1.031e-06
rdata_reg_$_SDFFE_PP0P__Q_24,1.1,9.918e-07,0.000e+00,3.898e-08,1.031e-06
rdata_reg_$_SDFFE_PP0P__Q_25,1.1,9.918e-07,0.000e+00,3.898e-08,1.031e-06
rdata_reg_$_SDFFE_PP0P__Q_9,1.1,9.918e-07,0.000e+00,3.898e-08,1.031e-06
rdata_reg_$_SDFFE_PP0P__Q_19,1.1,9.918e-07,0.000e+00,3.898e-08,1.031e-06
rdata_reg_$_SDFFE_PP0P__Q_10,1.1,9.918e-07,0.000e+00,3.898e-08,1.031e-06
rdata_reg_$_SDFFE_PP0P__Q_26,1.1,9.918e-07,0.000e+00,3.898e-08,1.031e-06
rdata_reg_$_SDFFE_PP0P__Q_21,1.1,9.918e-07,0.000e+00,3.898e-08,1.031e-06
rdata_reg_$_SDFFE_PP0P__Q,1.1,9.918e-07,0.000e+00,3.898e-08,1.031e-06
rdata_reg_$_SDFFE_PP0P__Q_11,1.1,9.918e-07,0.000e+00,3.898e-08,1.031e-06
rdata_reg_$_SDFFE_PP0P__Q_22,1.1,9.918e-07,0.000e+00,3.898e-08,1.031e-06
rdata_reg_$_SDFFE_PP0P__Q_1,1.1,9.918e-07,0.000e+00,3.898e-08,1.031e-06
rdata_reg_$_SDFFE_PP0P__Q_28,1.1,9.918e-07,0.000e+00,3.898e-08,1.031e-06
rdata_reg_$_SDFFE_PP0P__Q_29,1.1,9.918e-07,0.000e+00,3.898e-08,1.031e-06
rdata_reg_$_SDFFE_PP0P__Q_18,1.1,9.918e-07,0.000e+00,3.898e-08,1.031e-06
rdata_reg_$_SDFFE_PP0P__Q_15,1.1,9.918e-07,0.000e+00,3.898e-08,1.031e-06
rdata_reg_$_SDFFE_PP0P__Q_14,1.1,9.918e-07,0.000e+00,3.898e-08,1.031e-06
rdata_reg_$_SDFFE_PP0P__Q_3,1.1,9.918e-07,0.000e+00,3.898e-08,1.031e-06
rdata_reg_$_SDFFE_PP0P__Q_30,1.1,9.918e-07,0.000e+00,3.898e-08,1.031e-06
rdata_reg_$_SDFFE_PP0P__Q_31,1.1,9.918e-07,0.000e+00,3.898e-08,1.031e-06
rdata_reg_$_SDFFE_PP0P__Q_20,1.1,9.918e-07,0.000e+00,3.898e-08,1.031e-06
rdata_reg_$_SDFFE_PP0P__Q_16,1.1,9.918e-07,0.000e+00,3.898e-08,1.031e-06
rdata_reg_$_SDFFE_PP0P__Q_2,1.1,9.918e-07,0.000e+00,3.898e-08,1.031e-06
rdata_reg_$_SDFFE_PP0P__Q_13,1.1,9.918e-07,0.000e+00,3.898e-08,1.031e-06
rdata_reg_$_SDFFE_PP0P__Q_8,1.1,9.918e-07,0.000e+00,3.898e-08,1.031e-06
rdata_reg_$_SDFFE_PP0P__Q_27,1.1,9.918e-07,0.000e+00,3.898e-08,1.031e-06
rdata_reg_$_SDFFE_PP0P__Q_17,1.1,9.918e-07,0.000e+00,3.898e-08,1.031e-06
rdata_reg_$_SDFFE_PP0P__Q_7,1.1,9.918e-07,0.000e+00,3.898e-08,1.031e-06
rdata_reg_$_SDFFE_PP0P__Q_12,1.1,9.918e-07,0.000e+00,3.898e-08,1.031e-06
rdata_reg_$_SDFFE_PP0P__Q_6,1.1,9.918e-07,0.000e+00,3.898e-08,1.031e-06
rdata_reg_$_SDFFE_PP0P__Q_5,1.1,9.918e-07,0.000e+00,3.898e-08,1.031e-06
rdata_reg_$_SDFFE_PP0P__Q_4,1.1,9.918e-07,0.000e+00,3.898e-08,1.031e-06
ar_addr_reg_$_SDFFE_PP0P__Q_3,1.1,9.913e-07,0.000e+00,3.846e-08,1.030e-06
ar_addr_reg_$_SDFFE_PP0P__Q_1,1.1,9.913e-07,0.000e+00,3.846e-08,1.030e-06
ar_addr_reg_$_SDFFE_PP0P__Q_15,1.1,9.894e-07,0.000e+00,3.845e-08,1.028e-06
ar_addr_reg_$_SDFFE_PP0P__Q_16,1.1,9.894e-07,0.000e+00,3.845e-08,1.028e-06
ar_addr_reg_$_SDFFE_PP0P__Q_9,1.1,9.894e-07,0.000e+00,3.845e-08,1.028e-06
ar_addr_reg_$_SDFFE_PP0P__Q_13,1.1,9.894e-07,0.000e+00,3.845e-08,1.028e-06
ar_addr_reg_$_SDFFE_PP0P__Q_14,1.1,9.894e-07,0.000e+00,3.845e-08,1.028e-06
ar_addr_reg_$_SDFFE_PP0P__Q_8,1.1,9.894e-07,0.000e+00,3.845e-08,1.028e-06
ar_addr_reg_$_SDFFE_PP0P__Q_12,1.1,9.894e-07,0.000e+00,3.845e-08,1.028e-06
ar_addr_reg_$_SDFFE_PP0P__Q_31,1.1,9.894e-07,0.000e+00,3.845e-08,1.028e-06
ar_addr_reg_$_SDFFE_PP0P__Q_17,1.1,9.894e-07,0.000e+00,3.845e-08,1.028e-06
ar_addr_reg_$_SDFFE_PP0P__Q_30,1.1,9.894e-07,0.000e+00,3.845e-08,1.028e-06
ar_addr_reg_$_SDFFE_PP0P__Q_10,1.1,9.894e-07,0.000e+00,3.845e-08,1.028e-06
ar_addr_reg_$_SDFFE_PP0P__Q_11,1.1,9.894e-07,0.000e+00,3.845e-08,1.028e-06
ar_addr_reg_$_SDFFE_PP0P__Q_18,1.1,9.894e-07,0.000e+00,3.845e-08,1.028e-06
ar_addr_reg_$_SDFFE_PP0P__Q_23,1.1,9.894e-07,0.000e+00,3.845e-08,1.028e-06
ar_addr_reg_$_SDFFE_PP0P__Q_20,1.1,9.894e-07,0.000e+00,3.845e-08,1.028e-06
_0850_,1.1,9.720e-07,0.000e+00,4.122e-08,1.013e-06
_0851_,1.1,9.492e-07,0.000e+00,4.923e-08,9.984e-07
_1056_,1.1,9.046e-07,0.000e+00,8.612e-08,9.907e-07
_1061_,1.1,9.042e-07,0.000e+00,8.612e-08,9.903e-07
_1027_,1.1,9.030e-07,0.000e+00,8.612e-08,9.892e-07
_0777_,1.1,9.017e-07,0.000e+00,8.612e-08,9.878e-07
_0793_,1.1,9.001e-07,0.000e+00,8.612e-08,9.862e-07
_1047_,1.1,8.976e-07,0.000e+00,8.612e-08,9.838e-07
_0725_,1.1,9.641e-07,0.000e+00,1.813e-08,9.822e-07
_0730_,1.1,9.641e-07,0.000e+00,1.813e-08,9.822e-07
_0820_,1.1,8.981e-07,0.000e+00,8.187e-08,9.800e-07
_1220_,1.1,9.594e-07,0.000e+00,1.813e-08,9.775e-07
_1313_,1.1,9.594e-07,0.000e+00,1.813e-08,9.775e-07
_1165_,1.1,9.594e-07,0.000e+00,1.813e-08,9.775e-07
_1052_,1.1,8.837e-07,0.000e+00,8.612e-08,9.698e-07
_1126_,1.1,8.880e-07,0.000e+00,7.882e-08,9.669e-07
_1279_,1.1,9.467e-07,0.000e+00,1.813e-08,9.649e-07
_1057_,1.1,8.786e-07,0.000e+00,8.612e-08,9.647e-07
_1142_,1.1,8.779e-07,0.000e+00,8.612e-08,9.640e-07
_1078_,1.1,8.779e-07,0.000e+00,8.612e-08,9.640e-07
_1086_,1.1,8.779e-07,0.000e+00,8.612e-08,9.640e-07
_1049_,1.1,8.779e-07,0.000e+00,8.612e-08,9.640e-07
_1081_,1.1,8.766e-07,0.000e+00,8.612e-08,9.627e-07
_1050_,1.1,8.766e-07,0.000e+00,8.612e-08,9.627e-07
_1084_,1.1,8.764e-07,0.000e+00,8.612e-08,9.626e-07
_1104_,1.1,9.306e-07,0.000e+00,2.648e-08,9.571e-07
_0962_,1.1,9.239e-07,0.000e+00,2.838e-08,9.523e-07
_0991_,1.1,9.340e-07,0.000e+00,1.813e-08,9.521e-07
_0989_,1.1,9.331e-07,0.000e+00,1.813e-08,9.513e-07
_1102_,1.1,9.220e-07,0.000e+00,2.648e-08,9.485e-07
_1028_,1.1,8.867e-07,0.000e+00,3.260e-08,9.193e-07
_1094_,1.1,8.825e-07,0.000e+00,2.648e-08,9.090e-07
_1101_,1.1,8.825e-07,0.000e+00,2.648e-08,9.090e-07
_0865_,1.1,8.602e-07,0.000e+00,4.051e-08,9.007e-07
_1286_,1.1,8.543e-07,0.000e+00,2.648e-08,8.808e-07
_0992_,1.1,8.450e-07,0.000e+00,2.441e-08,8.694e-07
_1327_,1.1,8.333e-07,0.000e+00,2.648e-08,8.598e-07
_1221_,1.1,8.332e-07,0.000e+00,2.648e-08,8.597e-07
_1314_,1.1,8.332e-07,0.000e+00,2.648e-08,8.597e-07
_1140_,1.1,8.332e-07,0.000e+00,2.648e-08,8.597e-07
_1284_,1.1,8.332e-07,0.000e+00,2.648e-08,8.597e-07
_1166_,1.1,8.332e-07,0.000e+00,2.648e-08,8.597e-07
_1323_,1.1,8.332e-07,0.000e+00,2.648e-08,8.597e-07
_1135_,1.1,8.330e-07,0.000e+00,2.648e-08,8.595e-07
_1344_,1.1,8.330e-07,0.000e+00,2.648e-08,8.594e-07
_1203_,1.1,8.328e-07,0.000e+00,2.648e-08,8.593e-07
j_$_SDFFE_PP0P__Q,1.1,8.416e-07,0.000e+00,1.656e-08,8.582e-07
_1024_,1.1,7.711e-07,0.000e+00,7.946e-08,8.505e-07
_1005_,1.1,8.240e-07,0.000e+00,2.648e-08,8.505e-07
_0866_,1.1,8.013e-07,0.000e+00,4.901e-08,8.503e-07
k_$_SDFFE_PP0P__Q,1.1,8.199e-07,0.000e+00,1.454e-08,8.344e-07
_0910_,1.1,7.820e-07,0.000e+00,5.085e-08,8.328e-07
_1099_,1.1,8.046e-07,0.000e+00,2.648e-08,8.310e-07
_0804_,1.1,7.781e-07,0.000e+00,5.085e-08,8.290e-07
_1042_,1.1,8.020e-07,0.000e+00,2.648e-08,8.284e-07
_1302_,1.1,8.007e-07,0.000e+00,2.648e-08,8.272e-07
_1038_,1.1,7.918e-07,0.000e+00,2.648e-08,8.183e-07
_1040_,1.1,7.914e-07,0.000e+00,2.648e-08,8.179e-07
_0841_,1.1,7.671e-07,0.000e+00,3.423e-08,8.013e-07
_0827_,1.1,7.531e-07,0.000e+00,4.192e-08,7.951e-07
_0900_,1.1,7.459e-07,0.000e+00,3.060e-08,7.765e-07
_0821_,1.1,7.400e-07,0.000e+00,3.615e-08,7.762e-07
_0886_,1.1,7.400e-07,0.000e+00,3.615e-08,7.762e-07
_0883_,1.1,7.400e-07,0.000e+00,3.615e-08,7.762e-07
_0880_,1.1,7.400e-07,0.000e+00,3.615e-08,7.762e-07
_0889_,1.1,7.400e-07,0.000e+00,3.615e-08,7.762e-07
k_$_SDFFE_PP0P__Q_2,1.1,7.489e-07,0.000e+00,1.565e-08,7.645e-07
_0911_,1.1,6.691e-07,0.000e+00,9.250e-08,7.616e-07
j_$_SDFFE_PP0P__Q_2,1.1,7.387e-07,0.000e+00,1.656e-08,7.552e-07
_0912_,1.1,6.614e-07,0.000e+00,9.250e-08,7.539e-07
_0905_,1.1,7.087e-07,0.000e+00,4.117e-08,7.499e-07
_1364_,1.1,7.086e-07,0.000e+00,3.826e-08,7.469e-07
_0836_,1.1,7.062e-07,0.000e+00,2.870e-08,7.349e-07
_0846_,1.1,6.940e-07,0.000e+00,4.038e-08,7.344e-07
_0870_,1.1,6.833e-07,0.000e+00,5.099e-08,7.343e-07
_0871_,1.1,6.804e-07,0.000e+00,5.216e-08,7.326e-07
_1381_,1.1,6.922e-07,0.000e+00,3.411e-08,7.263e-07
_1367_,1.1,6.837e-07,0.000e+00,3.865e-08,7.224e-07
_1362_,1.1,6.773e-07,0.000e+00,2.978e-08,7.070e-07
_0902_,1.1,6.678e-07,0.000e+00,2.391e-08,6.917e-07
_0860_,1.1,6.401e-07,0.000e+00,4.393e-08,6.840e-07
_0815_,1.1,6.453e-07,0.000e+00,2.853e-08,6.738e-07
_0809_,1.1,6.049e-07,0.000e+00,6.664e-08,6.716e-07
_0845_,1.1,6.119e-07,0.000e+00,4.612e-08,6.581e-07
_1366_,1.1,6.347e-07,0.000e+00,2.303e-08,6.577e-07
_0980_,1.1,6.066e-07,0.000e+00,4.914e-08,6.557e-07
_0982_,1.1,6.048e-07,0.000e+00,4.914e-08,6.540e-07
_1182_,1.1,5.994e-07,0.000e+00,4.914e-08,6.485e-07
_1273_,1.1,5.987e-07,0.000e+00,4.914e-08,6.478e-07
_1243_,1.1,5.987e-07,0.000e+00,4.914e-08,6.478e-07
_1258_,1.1,5.983e-07,0.000e+00,4.914e-08,6.474e-07
_1311_,1.1,5.981e-07,0.000e+00,4.914e-08,6.472e-07
_1199_,1.1,5.981e-07,0.000e+00,4.914e-08,6.472e-07
_1218_,1.1,5.974e-07,0.000e+00,4.914e-08,6.465e-07
_0953_,1.1,6.198e-07,0.000e+00,2.648e-08,6.463e-07
_0987_,1.1,5.981e-07,0.000e+00,4.211e-08,6.402e-07
_1236_,1.1,5.974e-07,0.000e+00,4.211e-08,6.395e-07
_1370_,1.1,6.001e-07,0.000e+00,3.776e-08,6.379e-07
_1163_,1.1,5.950e-07,0.000e+00,4.211e-08,6.371e-07
_0976_,1.1,5.949e-07,0.000e+00,4.211e-08,6.370e-07
_1282_,1.1,5.946e-07,0.000e+00,4.211e-08,6.367e-07
_1352_,1.1,5.941e-07,0.000e+00,4.211e-08,6.362e-07
_1156_,1.1,5.930e-07,0.000e+00,4.211e-08,6.351e-07
_0977_,1.1,5.923e-07,0.000e+00,4.211e-08,6.344e-07
_0802_,1.1,6.052e-07,0.000e+00,2.621e-08,6.314e-07
_0979_,1.1,5.890e-07,0.000e+00,4.211e-08,6.311e-07
_1288_,1.1,5.983e-07,0.000e+00,2.621e-08,6.245e-07
_1204_,1.1,5.981e-07,0.000e+00,2.621e-08,6.244e-07
_1017_,1.1,5.817e-07,0.000e+00,4.211e-08,6.238e-07
_1141_,1.1,5.976e-07,0.000e+00,2.621e-08,6.238e-07
_1315_,1.1,5.972e-07,0.000e+00,2.621e-08,6.235e-07
_1222_,1.1,5.972e-07,0.000e+00,2.621e-08,6.235e-07
_1167_,1.1,5.972e-07,0.000e+00,2.621e-08,6.235e-07
_1328_,1.1,5.968e-07,0.000e+00,2.621e-08,6.230e-07
_1010_,1.1,5.916e-07,0.000e+00,2.621e-08,6.178e-07
_1012_,1.1,5.908e-07,0.000e+00,2.621e-08,6.170e-07
_1132_,1.1,5.906e-07,0.000e+00,2.621e-08,6.168e-07
_1294_,1.1,5.906e-07,0.000e+00,2.621e-08,6.168e-07
_1173_,1.1,5.906e-07,0.000e+00,2.621e-08,6.168e-07
_1321_,1.1,5.906e-07,0.000e+00,2.621e-08,6.168e-07
_1148_,1.1,5.906e-07,0.000e+00,2.621e-08,6.168e-07
_1334_,1.1,5.906e-07,0.000e+00,2.621e-08,6.168e-07
_1087_,1.1,5.906e-07,0.000e+00,2.621e-08,6.168e-07
_1228_,1.1,5.906e-07,0.000e+00,2.621e-08,6.168e-07
_1210_,1.1,5.906e-07,0.000e+00,2.621e-08,6.168e-07
_1250_,1.1,5.905e-07,0.000e+00,2.621e-08,6.167e-07
_1235_,1.1,5.905e-07,0.000e+00,2.621e-08,6.167e-07
_1189_,1.1,5.905e-07,0.000e+00,2.621e-08,6.167e-07
_1265_,1.1,5.905e-07,0.000e+00,2.621e-08,6.167e-07
_1301_,1.1,5.905e-07,0.000e+00,2.621e-08,6.167e-07
_1341_,1.1,5.905e-07,0.000e+00,2.621e-08,6.167e-07
_1278_,1.1,5.884e-07,0.000e+00,2.621e-08,6.146e-07
_1020_,1.1,5.721e-07,0.000e+00,3.825e-08,6.103e-07
_1025_,1.1,5.801e-07,0.000e+00,2.919e-08,6.093e-07
_1281_,1.1,5.695e-07,0.000e+00,3.825e-08,6.078e-07
_1272_,1.1,5.693e-07,0.000e+00,3.825e-08,6.075e-07
_1350_,1.1,5.693e-07,0.000e+00,3.825e-08,6.075e-07
_1310_,1.1,5.693e-07,0.000e+00,3.825e-08,6.075e-07
_1257_,1.1,5.661e-07,0.000e+00,3.825e-08,6.043e-07
_1242_,1.1,5.660e-07,0.000e+00,3.825e-08,6.043e-07
_1216_,1.1,5.660e-07,0.000e+00,3.825e-08,6.043e-07
_1118_,1.1,5.654e-07,0.000e+00,3.825e-08,6.037e-07
_1022_,1.1,5.647e-07,0.000e+00,3.825e-08,6.029e-07
_1198_,1.1,5.614e-07,0.000e+00,3.825e-08,5.997e-07
_1179_,1.1,5.614e-07,0.000e+00,3.825e-08,5.997e-07
_1154_,1.1,5.614e-07,0.000e+00,3.825e-08,5.997e-07
_1162_,1.1,5.614e-07,0.000e+00,3.825e-08,5.997e-07
_0955_,1.1,5.744e-07,0.000e+00,2.389e-08,5.983e-07
_1072_,1.1,5.572e-07,0.000e+00,3.825e-08,5.954e-07
_1062_,1.1,5.572e-07,0.000e+00,3.825e-08,5.954e-07
_1077_,1.1,5.572e-07,0.000e+00,3.825e-08,5.954e-07
_1067_,1.1,5.572e-07,0.000e+00,3.825e-08,5.954e-07
_0998_,1.1,5.490e-07,0.000e+00,4.240e-08,5.914e-07
_1347_,1.1,5.712e-07,0.000e+00,1.810e-08,5.893e-07
_1254_,1.1,5.712e-07,0.000e+00,1.810e-08,5.893e-07
_1307_,1.1,5.712e-07,0.000e+00,1.810e-08,5.893e-07
_1269_,1.1,5.712e-07,0.000e+00,1.810e-08,5.893e-07
_1239_,1.1,5.669e-07,0.000e+00,1.810e-08,5.850e-07
_1213_,1.1,5.669e-07,0.000e+00,1.810e-08,5.850e-07
_0888_,1.1,5.585e-07,0.000e+00,2.311e-08,5.816e-07
_0885_,1.1,5.585e-07,0.000e+00,2.311e-08,5.816e-07
_0819_,1.1,5.585e-07,0.000e+00,2.311e-08,5.816e-07
_0882_,1.1,5.585e-07,0.000e+00,2.311e-08,5.816e-07
_0879_,1.1,5.585e-07,0.000e+00,2.311e-08,5.816e-07
_0839_,1.1,5.589e-07,0.000e+00,2.199e-08,5.809e-07
_1155_,1.1,5.613e-07,0.000e+00,1.810e-08,5.794e-07
_0988_,1.1,5.504e-07,0.000e+00,2.683e-08,5.773e-07
_1105_,1.1,5.583e-07,0.000e+00,1.810e-08,5.764e-07
_1111_,1.1,5.583e-07,0.000e+00,1.810e-08,5.764e-07
_1139_,1.1,5.581e-07,0.000e+00,1.810e-08,5.762e-07
_1100_,1.1,5.501e-07,0.000e+00,2.507e-08,5.752e-07
_1119_,1.1,5.496e-07,0.000e+00,2.507e-08,5.746e-07
_1013_,1.1,5.415e-07,0.000e+00,2.683e-08,5.683e-07
_0973_,1.1,5.498e-07,0.000e+00,1.810e-08,5.679e-07
_1002_,1.1,5.497e-07,0.000e+00,1.810e-08,5.678e-07
_1019_,1.1,5.391e-07,0.000e+00,2.683e-08,5.660e-07
_1011_,1.1,5.381e-07,0.000e+00,2.683e-08,5.650e-07
_1033_,1.1,5.465e-07,0.000e+00,1.810e-08,5.646e-07
_0908_,1.1,5.393e-07,0.000e+00,2.507e-08,5.643e-07
_0895_,1.1,5.385e-07,0.000e+00,2.507e-08,5.635e-07
_0935_,1.1,5.385e-07,0.000e+00,2.507e-08,5.635e-07
_0929_,1.1,5.385e-07,0.000e+00,2.507e-08,5.635e-07
_0933_,1.1,5.385e-07,0.000e+00,2.507e-08,5.635e-07
_0934_,1.1,5.385e-07,0.000e+00,2.507e-08,5.635e-07
_0936_,1.1,5.385e-07,0.000e+00,2.507e-08,5.635e-07
_0932_,1.1,5.385e-07,0.000e+00,2.507e-08,5.635e-07
_0931_,1.1,5.385e-07,0.000e+00,2.507e-08,5.635e-07
_0930_,1.1,5.385e-07,0.000e+00,2.507e-08,5.635e-07
_0917_,1.1,5.385e-07,0.000e+00,2.507e-08,5.635e-07
_0928_,1.1,5.385e-07,0.000e+00,2.507e-08,5.635e-07
_0927_,1.1,5.385e-07,0.000e+00,2.507e-08,5.635e-07
_0925_,1.1,5.385e-07,0.000e+00,2.507e-08,5.635e-07
_0924_,1.1,5.385e-07,0.000e+00,2.507e-08,5.635e-07
_0923_,1.1,5.385e-07,0.000e+00,2.507e-08,5.635e-07
_0922_,1.1,5.385e-07,0.000e+00,2.507e-08,5.635e-07
_0921_,1.1,5.385e-07,0.000e+00,2.507e-08,5.635e-07
_0920_,1.1,5.385e-07,0.000e+00,2.507e-08,5.635e-07
_0919_,1.1,5.385e-07,0.000e+00,2.507e-08,5.635e-07
_0918_,1.1,5.385e-07,0.000e+00,2.507e-08,5.635e-07
_0938_,1.1,5.385e-07,0.000e+00,2.507e-08,5.635e-07
_0949_,1.1,5.385e-07,0.000e+00,2.507e-08,5.635e-07
_0948_,1.1,5.385e-07,0.000e+00,2.507e-08,5.635e-07
_0947_,1.1,5.385e-07,0.000e+00,2.507e-08,5.635e-07
_0946_,1.1,5.385e-07,0.000e+00,2.507e-08,5.635e-07
_0945_,1.1,5.385e-07,0.000e+00,2.507e-08,5.635e-07
_0944_,1.1,5.385e-07,0.000e+00,2.507e-08,5.635e-07
_0942_,1.1,5.385e-07,0.000e+00,2.507e-08,5.635e-07
_0941_,1.1,5.385e-07,0.000e+00,2.507e-08,5.635e-07
_0940_,1.1,5.385e-07,0.000e+00,2.507e-08,5.635e-07
_0939_,1.1,5.385e-07,0.000e+00,2.507e-08,5.635e-07
_1112_,1.1,5.331e-07,0.000e+00,2.683e-08,5.599e-07
_0817_,1.1,5.323e-07,0.000e+00,2.713e-08,5.594e-07
_0996_,1.1,5.313e-07,0.000e+00,2.683e-08,5.581e-07
_1276_,1.1,5.399e-07,0.000e+00,1.810e-08,5.580e-07
_1039_,1.1,5.325e-07,0.000e+00,2.507e-08,5.576e-07
_1120_,1.1,5.317e-07,0.000e+00,2.507e-08,5.567e-07
_0966_,1.1,5.299e-07,0.000e+00,2.507e-08,5.549e-07
_0770_,1.1,5.298e-07,0.000e+00,2.507e-08,5.548e-07
_0995_,1.1,5.355e-07,0.000e+00,1.810e-08,5.536e-07
_0983_,1.1,5.283e-07,0.000e+00,2.507e-08,5.534e-07
_1207_,1.1,5.338e-07,0.000e+00,1.810e-08,5.519e-07
_1225_,1.1,5.338e-07,0.000e+00,1.810e-08,5.519e-07
_1331_,1.1,5.338e-07,0.000e+00,1.810e-08,5.519e-07
_1318_,1.1,5.338e-07,0.000e+00,1.810e-08,5.519e-07
_1291_,1.1,5.338e-07,0.000e+00,1.810e-08,5.519e-07
_1145_,1.1,5.338e-07,0.000e+00,1.810e-08,5.519e-07
_1170_,1.1,5.338e-07,0.000e+00,1.810e-08,5.519e-07
_1082_,1.1,5.320e-07,0.000e+00,1.810e-08,5.501e-07
_1051_,1.1,5.320e-07,0.000e+00,1.810e-08,5.501e-07
_1262_,1.1,5.320e-07,0.000e+00,1.810e-08,5.501e-07
_1129_,1.1,5.320e-07,0.000e+00,1.810e-08,5.501e-07
_1186_,1.1,5.320e-07,0.000e+00,1.810e-08,5.501e-07
_1298_,1.1,5.320e-07,0.000e+00,1.810e-08,5.501e-07
_1338_,1.1,5.320e-07,0.000e+00,1.810e-08,5.501e-07
_1247_,1.1,5.320e-07,0.000e+00,1.810e-08,5.501e-07
_1232_,1.1,5.320e-07,0.000e+00,1.810e-08,5.501e-07
_1064_,1.1,5.320e-07,0.000e+00,1.810e-08,5.501e-07
_1074_,1.1,5.318e-07,0.000e+00,1.810e-08,5.500e-07
_1069_,1.1,5.318e-07,0.000e+00,1.810e-08,5.500e-07
_1095_,1.1,5.249e-07,0.000e+00,2.507e-08,5.499e-07
_1159_,1.1,5.312e-07,0.000e+00,1.810e-08,5.493e-07
_1176_,1.1,5.312e-07,0.000e+00,1.810e-08,5.493e-07
_1195_,1.1,5.312e-07,0.000e+00,1.810e-08,5.493e-07
_1115_,1.1,5.312e-07,0.000e+00,1.810e-08,5.493e-07
_1151_,1.1,5.312e-07,0.000e+00,1.810e-08,5.493e-07
_0838_,1.1,5.152e-07,0.000e+00,3.260e-08,5.478e-07
_1037_,1.1,5.227e-07,0.000e+00,2.507e-08,5.478e-07
_0824_,1.1,5.201e-07,0.000e+00,2.115e-08,5.413e-07
_0840_,1.1,5.201e-07,0.000e+00,2.115e-08,5.413e-07
_1096_,1.1,5.154e-07,0.000e+00,2.507e-08,5.405e-07
_1202_,1.1,5.139e-07,0.000e+00,2.507e-08,5.390e-07
_1343_,1.1,5.102e-07,0.000e+00,2.864e-08,5.388e-07
_1008_,1.1,5.099e-07,0.000e+00,2.864e-08,5.385e-07
_1001_,1.1,5.126e-07,0.000e+00,2.507e-08,5.376e-07
_1266_,1.1,5.087e-07,0.000e+00,2.864e-08,5.374e-07
_1251_,1.1,5.087e-07,0.000e+00,2.864e-08,5.374e-07
_1191_,1.1,5.084e-07,0.000e+00,2.864e-08,5.371e-07
_1136_,1.1,5.083e-07,0.000e+00,2.864e-08,5.369e-07
_1107_,1.1,5.081e-07,0.000e+00,2.864e-08,5.368e-07
_1304_,1.1,5.080e-07,0.000e+00,2.864e-08,5.366e-07
_1217_,1.1,5.114e-07,0.000e+00,2.507e-08,5.365e-07
_1007_,1.1,5.028e-07,0.000e+00,3.340e-08,5.362e-07
_1043_,1.1,5.054e-07,0.000e+00,2.864e-08,5.341e-07
_0970_,1.1,5.072e-07,0.000e+00,2.683e-08,5.340e-07
_1015_,1.1,4.908e-07,0.000e+00,4.306e-08,5.338e-07
_1036_,1.1,4.950e-07,0.000e+00,3.340e-08,5.284e-07
_0778_,1.1,4.851e-07,0.000e+00,4.306e-08,5.281e-07
_0965_,1.1,5.013e-07,0.000e+00,2.507e-08,5.264e-07
_1342_,1.1,5.010e-07,0.000e+00,2.507e-08,5.261e-07
_1103_,1.1,5.010e-07,0.000e+00,2.507e-08,5.260e-07
_1113_,1.1,4.974e-07,0.000e+00,2.864e-08,5.260e-07
_1110_,1.1,5.009e-07,0.000e+00,2.507e-08,5.260e-07
_1303_,1.1,5.009e-07,0.000e+00,2.507e-08,5.260e-07
_1190_,1.1,5.008e-07,0.000e+00,2.507e-08,5.259e-07
_1324_,1.1,5.008e-07,0.000e+00,2.507e-08,5.258e-07
_1009_,1.1,5.030e-07,0.000e+00,2.269e-08,5.257e-07
_1287_,1.1,5.006e-07,0.000e+00,2.507e-08,5.257e-07
_1355_,1.1,4.921e-07,0.000e+00,3.340e-08,5.255e-07
_1209_,1.1,4.920e-07,0.000e+00,3.340e-08,5.254e-07
_1147_,1.1,4.920e-07,0.000e+00,3.340e-08,5.254e-07
_1131_,1.1,4.920e-07,0.000e+00,3.340e-08,5.254e-07
_1172_,1.1,4.920e-07,0.000e+00,3.340e-08,5.254e-07
_1227_,1.1,4.920e-07,0.000e+00,3.340e-08,5.254e-07
_1085_,1.1,4.920e-07,0.000e+00,3.340e-08,5.254e-07
_1333_,1.1,4.920e-07,0.000e+00,3.340e-08,5.254e-07
_1293_,1.1,4.920e-07,0.000e+00,3.340e-08,5.254e-07
_1320_,1.1,4.920e-07,0.000e+00,3.340e-08,5.254e-07
_1234_,1.1,4.919e-07,0.000e+00,3.340e-08,5.253e-07
_1249_,1.1,4.919e-07,0.000e+00,3.340e-08,5.253e-07
_1264_,1.1,4.919e-07,0.000e+00,3.340e-08,5.253e-07
_1188_,1.1,4.919e-07,0.000e+00,3.340e-08,5.253e-07
_1300_,1.1,4.919e-07,0.000e+00,3.340e-08,5.253e-07
_1340_,1.1,4.919e-07,0.000e+00,3.340e-08,5.253e-07
_1000_,1.1,4.962e-07,0.000e+00,2.864e-08,5.248e-07
_1359_,1.1,4.827e-07,0.000e+00,4.117e-08,5.239e-07
_1309_,1.1,4.824e-07,0.000e+00,4.117e-08,5.236e-07
_1256_,1.1,4.824e-07,0.000e+00,4.117e-08,5.236e-07
_1271_,1.1,4.824e-07,0.000e+00,4.117e-08,5.236e-07
_1349_,1.1,4.824e-07,0.000e+00,4.117e-08,5.236e-07
_1021_,1.1,4.972e-07,0.000e+00,2.507e-08,5.223e-07
_1361_,1.1,4.888e-07,0.000e+00,3.340e-08,5.222e-07
_0959_,1.1,4.769e-07,0.000e+00,4.519e-08,5.221e-07
_1114_,1.1,4.970e-07,0.000e+00,2.507e-08,5.220e-07
_1158_,1.1,4.970e-07,0.000e+00,2.507e-08,5.220e-07
_1150_,1.1,4.970e-07,0.000e+00,2.507e-08,5.220e-07
_1048_,1.1,4.970e-07,0.000e+00,2.507e-08,5.220e-07
_1073_,1.1,4.970e-07,0.000e+00,2.507e-08,5.220e-07
_1068_,1.1,4.970e-07,0.000e+00,2.507e-08,5.220e-07
_1063_,1.1,4.970e-07,0.000e+00,2.507e-08,5.220e-07
_1054_,1.1,4.969e-07,0.000e+00,2.507e-08,5.220e-07
_1014_,1.1,4.932e-07,0.000e+00,2.864e-08,5.218e-07
_1306_,1.1,4.965e-07,0.000e+00,2.507e-08,5.215e-07
_1346_,1.1,4.965e-07,0.000e+00,2.507e-08,5.215e-07
_1194_,1.1,4.965e-07,0.000e+00,2.507e-08,5.215e-07
_1253_,1.1,4.965e-07,0.000e+00,2.507e-08,5.215e-07
_1268_,1.1,4.965e-07,0.000e+00,2.507e-08,5.215e-07
_1275_,1.1,4.965e-07,0.000e+00,2.507e-08,5.215e-07
_1175_,1.1,4.965e-07,0.000e+00,2.507e-08,5.215e-07
_1238_,1.1,4.965e-07,0.000e+00,2.507e-08,5.215e-07
_1212_,1.1,4.965e-07,0.000e+00,2.507e-08,5.215e-07
_1345_,1.1,4.916e-07,0.000e+00,2.864e-08,5.203e-07
_1237_,1.1,4.916e-07,0.000e+00,2.864e-08,5.202e-07
_1197_,1.1,4.787e-07,0.000e+00,4.117e-08,5.198e-07
_1178_,1.1,4.787e-07,0.000e+00,4.117e-08,5.198e-07
_1161_,1.1,4.787e-07,0.000e+00,4.117e-08,5.198e-07
_1153_,1.1,4.787e-07,0.000e+00,4.117e-08,5.198e-07
_1117_,1.1,4.787e-07,0.000e+00,4.117e-08,5.198e-07
_1215_,1.1,4.787e-07,0.000e+00,4.117e-08,5.198e-07
_1241_,1.1,4.787e-07,0.000e+00,4.117e-08,5.198e-07
_1083_,1.1,4.785e-07,0.000e+00,4.117e-08,5.197e-07
_1263_,1.1,4.785e-07,0.000e+00,4.117e-08,5.197e-07
_1339_,1.1,4.785e-07,0.000e+00,4.117e-08,5.197e-07
_1248_,1.1,4.785e-07,0.000e+00,4.117e-08,5.197e-07
_1130_,1.1,4.785e-07,0.000e+00,4.117e-08,5.197e-07
_1187_,1.1,4.785e-07,0.000e+00,4.117e-08,5.197e-07
_1299_,1.1,4.785e-07,0.000e+00,4.117e-08,5.197e-07
_1233_,1.1,4.785e-07,0.000e+00,4.117e-08,5.197e-07
_1058_,1.1,4.785e-07,0.000e+00,4.117e-08,5.197e-07
_1071_,1.1,4.785e-07,0.000e+00,4.117e-08,5.197e-07
_1076_,1.1,4.785e-07,0.000e+00,4.117e-08,5.197e-07
_1066_,1.1,4.785e-07,0.000e+00,4.117e-08,5.197e-07
_1193_,1.1,4.911e-07,0.000e+00,2.864e-08,5.197e-07
_1332_,1.1,4.785e-07,0.000e+00,4.117e-08,5.196e-07
_1208_,1.1,4.785e-07,0.000e+00,4.117e-08,5.196e-07
_1226_,1.1,4.785e-07,0.000e+00,4.117e-08,5.196e-07
_1319_,1.1,4.785e-07,0.000e+00,4.117e-08,5.196e-07
_1146_,1.1,4.785e-07,0.000e+00,4.117e-08,5.196e-07
_1292_,1.1,4.785e-07,0.000e+00,4.117e-08,5.196e-07
_1171_,1.1,4.785e-07,0.000e+00,4.117e-08,5.196e-07
_1138_,1.1,4.908e-07,0.000e+00,2.864e-08,5.194e-07
_0801_,1.1,4.756e-07,0.000e+00,4.306e-08,5.187e-07
_1305_,1.1,4.886e-07,0.000e+00,2.864e-08,5.172e-07
_1267_,1.1,4.885e-07,0.000e+00,2.864e-08,5.171e-07
_1252_,1.1,4.884e-07,0.000e+00,2.864e-08,5.171e-07
_0960_,1.1,4.894e-07,0.000e+00,2.457e-08,5.140e-07
_0854_,1.1,4.820e-07,0.000e+00,3.022e-08,5.122e-07
_1240_,1.1,4.706e-07,0.000e+00,4.117e-08,5.118e-07
_1214_,1.1,4.706e-07,0.000e+00,4.117e-08,5.118e-07
_1348_,1.1,4.706e-07,0.000e+00,4.117e-08,5.118e-07
_1308_,1.1,4.706e-07,0.000e+00,4.117e-08,5.118e-07
_1270_,1.1,4.706e-07,0.000e+00,4.117e-08,5.118e-07
_1255_,1.1,4.706e-07,0.000e+00,4.117e-08,5.118e-07
_1034_,1.1,4.883e-07,0.000e+00,2.269e-08,5.109e-07
_1070_,1.1,4.697e-07,0.000e+00,4.117e-08,5.109e-07
_1075_,1.1,4.697e-07,0.000e+00,4.117e-08,5.109e-07
_1177_,1.1,4.697e-07,0.000e+00,4.117e-08,5.109e-07
_1116_,1.1,4.697e-07,0.000e+00,4.117e-08,5.109e-07
_1152_,1.1,4.697e-07,0.000e+00,4.117e-08,5.109e-07
_1160_,1.1,4.697e-07,0.000e+00,4.117e-08,5.109e-07
_1196_,1.1,4.697e-07,0.000e+00,4.117e-08,5.109e-07
_1065_,1.1,4.696e-07,0.000e+00,4.117e-08,5.108e-07
_1053_,1.1,4.696e-07,0.000e+00,4.117e-08,5.108e-07
_0901_,1.1,4.812e-07,0.000e+00,2.507e-08,5.063e-07
_1353_,1.1,4.644e-07,0.000e+00,4.117e-08,5.056e-07
_1164_,1.1,4.614e-07,0.000e+00,4.117e-08,5.025e-07
_1157_,1.1,4.613e-07,0.000e+00,4.117e-08,5.025e-07
_1283_,1.1,4.611e-07,0.000e+00,4.117e-08,5.023e-07
_0952_,1.1,4.779e-07,0.000e+00,2.421e-08,5.021e-07
_1200_,1.1,4.609e-07,0.000e+00,4.117e-08,5.021e-07
_1183_,1.1,4.609e-07,0.000e+00,4.117e-08,5.021e-07
_1219_,1.1,4.608e-07,0.000e+00,4.117e-08,5.020e-07
_1244_,1.1,4.608e-07,0.000e+00,4.117e-08,5.020e-07
_1259_,1.1,4.608e-07,0.000e+00,4.117e-08,5.020e-07
_1018_,1.1,4.608e-07,0.000e+00,4.117e-08,5.019e-07
_1312_,1.1,4.608e-07,0.000e+00,4.117e-08,5.019e-07
_1274_,1.1,4.608e-07,0.000e+00,4.117e-08,5.019e-07
_1029_,1.1,4.770e-07,0.000e+00,2.269e-08,4.997e-07
_1035_,1.1,4.764e-07,0.000e+00,1.955e-08,4.959e-07
_1365_,1.1,4.712e-07,0.000e+00,1.813e-08,4.894e-07
_1368_,1.1,4.789e-07,0.000e+00,1.033e-08,4.892e-07
_0867_,1.1,4.255e-07,0.000e+00,3.399e-08,4.595e-07
_0843_,1.1,4.366e-07,0.000e+00,2.165e-08,4.582e-07
_0833_,1.1,4.286e-07,0.000e+00,2.834e-08,4.569e-07
_0964_,1.1,4.207e-07,0.000e+00,2.120e-08,4.419e-07
_0864_,1.1,4.209e-07,0.000e+00,1.882e-08,4.397e-07
_0855_,1.1,3.929e-07,0.000e+00,4.452e-08,4.374e-07
_1371_,1.1,4.070e-07,0.000e+00,2.814e-08,4.352e-07
_1380_,1.1,4.167e-07,0.000e+00,1.810e-08,4.348e-07
_0899_,1.1,4.083e-07,0.000e+00,2.539e-08,4.337e-07
_0774_,1.1,3.897e-07,0.000e+00,3.775e-08,4.274e-07
_0893_,1.1,3.897e-07,0.000e+00,3.775e-08,4.274e-07
_0786_,1.1,3.897e-07,0.000e+00,3.775e-08,4.274e-07
_0788_,1.1,3.897e-07,0.000e+00,3.775e-08,4.274e-07
_0811_,1.1,3.897e-07,0.000e+00,3.775e-08,4.274e-07
_0775_,1.1,3.880e-07,0.000e+00,3.808e-08,4.261e-07
_0873_,1.1,3.880e-07,0.000e+00,3.808e-08,4.261e-07
_1378_,1.1,3.959e-07,0.000e+00,2.683e-08,4.227e-07
_0853_,1.1,3.809e-07,0.000e+00,3.923e-08,4.201e-07
_0894_,1.1,3.958e-07,0.000e+00,2.292e-08,4.187e-07
_0937_,1.1,3.958e-07,0.000e+00,2.292e-08,4.187e-07
_0926_,1.1,3.958e-07,0.000e+00,2.292e-08,4.187e-07
_0906_,1.1,3.963e-07,0.000e+00,2.028e-08,4.166e-07
_1059_,1.1,3.904e-07,0.000e+00,2.292e-08,4.133e-07
_0816_,1.1,3.981e-07,0.000e+00,1.514e-08,4.132e-07
_1031_,1.1,3.887e-07,0.000e+00,2.292e-08,4.116e-07
_1374_,1.1,3.836e-07,0.000e+00,2.533e-08,4.089e-07
_0868_,1.1,3.643e-07,0.000e+00,4.449e-08,4.088e-07
_0903_,1.1,3.699e-07,0.000e+00,3.202e-08,4.020e-07
_0861_,1.1,3.543e-07,0.000e+00,3.610e-08,3.904e-07
_1356_,1.1,3.499e-07,0.000e+00,3.637e-08,3.863e-07
_0829_,1.1,3.630e-07,0.000e+00,2.120e-08,3.842e-07
_0877_,1.1,3.429e-07,0.000e+00,2.471e-08,3.676e-07
_0891_,1.1,3.429e-07,0.000e+00,2.471e-08,3.676e-07
_0823_,1.1,3.399e-07,0.000e+00,2.471e-08,3.646e-07
_0797_,1.1,3.399e-07,0.000e+00,2.471e-08,3.646e-07
_0813_,1.1,3.399e-07,0.000e+00,2.471e-08,3.646e-07
_0795_,1.1,3.399e-07,0.000e+00,2.471e-08,3.646e-07
_0875_,1.1,3.399e-07,0.000e+00,2.471e-08,3.646e-07
_0792_,1.1,3.399e-07,0.000e+00,2.471e-08,3.646e-07
_0790_,1.1,3.399e-07,0.000e+00,2.471e-08,3.646e-07
_0799_,1.1,3.399e-07,0.000e+00,2.471e-08,3.646e-07
_0784_,1.1,3.399e-07,0.000e+00,2.471e-08,3.646e-07
_0782_,1.1,3.399e-07,0.000e+00,2.471e-08,3.646e-07
_0863_,1.1,3.444e-07,0.000e+00,1.900e-08,3.634e-07
_0916_,1.1,3.276e-07,0.000e+00,3.534e-08,3.630e-07
_0830_,1.1,3.286e-07,0.000e+00,1.758e-08,3.462e-07
_0769_,1.1,2.852e-07,0.000e+00,4.894e-08,3.342e-07
_0762_,1.1,3.149e-07,0.000e+00,1.835e-08,3.333e-07
_0807_,1.1,3.025e-07,0.000e+00,1.829e-08,3.208e-07
_0872_,1.1,2.745e-07,0.000e+00,4.624e-08,3.208e-07
_0844_,1.1,2.853e-07,0.000e+00,3.502e-08,3.204e-07
_0974_,1.1,3.029e-07,0.000e+00,1.739e-08,3.203e-07
_0898_,1.1,3.056e-07,0.000e+00,1.070e-08,3.163e-07
_0772_,1.1,2.965e-07,0.000e+00,1.790e-08,3.144e-07
_0943_,1.1,2.900e-07,0.000e+00,2.120e-08,3.112e-07
_0914_,1.1,2.889e-07,0.000e+00,2.120e-08,3.101e-07
_1016_,1.1,2.884e-07,0.000e+00,2.120e-08,3.096e-07
_0957_,1.1,2.869e-07,0.000e+00,2.120e-08,3.081e-07
_0981_,1.1,2.847e-07,0.000e+00,2.120e-08,3.059e-07
_0768_,1.1,2.880e-07,0.000e+00,1.739e-08,3.054e-07
_0990_,1.1,2.837e-07,0.000e+00,2.120e-08,3.049e-07
_0767_,1.1,2.866e-07,0.000e+00,1.739e-08,3.040e-07
_0796_,1.1,2.862e-07,0.000e+00,1.739e-08,3.036e-07
_0812_,1.1,2.862e-07,0.000e+00,1.739e-08,3.036e-07
_0798_,1.1,2.862e-07,0.000e+00,1.739e-08,3.036e-07
_0783_,1.1,2.862e-07,0.000e+00,1.739e-08,3.036e-07
_0789_,1.1,2.862e-07,0.000e+00,1.739e-08,3.036e-07
_0890_,1.1,2.862e-07,0.000e+00,1.739e-08,3.036e-07
_0876_,1.1,2.862e-07,0.000e+00,1.739e-08,3.036e-07
_0874_,1.1,2.862e-07,0.000e+00,1.739e-08,3.036e-07
_0822_,1.1,2.862e-07,0.000e+00,1.739e-08,3.036e-07
_0791_,1.1,2.862e-07,0.000e+00,1.739e-08,3.036e-07
_0779_,1.1,2.862e-07,0.000e+00,1.739e-08,3.036e-07
_0794_,1.1,2.862e-07,0.000e+00,1.739e-08,3.036e-07
_1369_,1.1,2.859e-07,0.000e+00,1.739e-08,3.033e-07
_1106_,1.1,2.800e-07,0.000e+00,2.120e-08,3.012e-07
_0967_,1.1,2.797e-07,0.000e+00,2.120e-08,3.009e-07
_0808_,1.1,2.835e-07,0.000e+00,1.739e-08,3.009e-07
_1046_,1.1,2.773e-07,0.000e+00,2.120e-08,2.985e-07
_0978_,1.1,2.799e-07,0.000e+00,1.739e-08,2.973e-07
_0984_,1.1,2.757e-07,0.000e+00,2.120e-08,2.969e-07
_1357_,1.1,2.792e-07,0.000e+00,1.739e-08,2.966e-07
_0834_,1.1,2.728e-07,0.000e+00,2.273e-08,2.955e-07
_1351_,1.1,2.769e-07,0.000e+00,1.739e-08,2.943e-07
_0825_,1.1,2.675e-07,0.000e+00,2.546e-08,2.929e-07
_1354_,1.1,2.700e-07,0.000e+00,2.120e-08,2.912e-07
_1044_,1.1,2.734e-07,0.000e+00,1.739e-08,2.908e-07
_1280_,1.1,2.716e-07,0.000e+00,1.739e-08,2.890e-07
_1322_,1.1,2.715e-07,0.000e+00,1.739e-08,2.889e-07
_1149_,1.1,2.715e-07,0.000e+00,1.739e-08,2.889e-07
_1174_,1.1,2.715e-07,0.000e+00,1.739e-08,2.889e-07
_1295_,1.1,2.715e-07,0.000e+00,1.739e-08,2.889e-07
_1211_,1.1,2.715e-07,0.000e+00,1.739e-08,2.889e-07
_1229_,1.1,2.715e-07,0.000e+00,1.739e-08,2.889e-07
_1335_,1.1,2.714e-07,0.000e+00,1.739e-08,2.888e-07
_1045_,1.1,2.713e-07,0.000e+00,1.739e-08,2.887e-07
_1363_,1.1,2.728e-07,0.000e+00,1.325e-08,2.861e-07
_1260_,1.1,2.672e-07,0.000e+00,1.739e-08,2.846e-07
_1127_,1.1,2.672e-07,0.000e+00,1.739e-08,2.846e-07
_1143_,1.1,2.672e-07,0.000e+00,1.739e-08,2.846e-07
_1223_,1.1,2.672e-07,0.000e+00,1.739e-08,2.846e-07
_1079_,1.1,2.672e-07,0.000e+00,1.739e-08,2.846e-07
_1336_,1.1,2.672e-07,0.000e+00,1.739e-08,2.846e-07
_1329_,1.1,2.672e-07,0.000e+00,1.739e-08,2.846e-07
_1316_,1.1,2.672e-07,0.000e+00,1.739e-08,2.846e-07
_1168_,1.1,2.672e-07,0.000e+00,1.739e-08,2.846e-07
_1205_,1.1,2.672e-07,0.000e+00,1.739e-08,2.846e-07
_1296_,1.1,2.672e-07,0.000e+00,1.739e-08,2.846e-07
_1230_,1.1,2.672e-07,0.000e+00,1.739e-08,2.846e-07
_1184_,1.1,2.672e-07,0.000e+00,1.739e-08,2.846e-07
_1289_,1.1,2.672e-07,0.000e+00,1.739e-08,2.846e-07
_1245_,1.1,2.672e-07,0.000e+00,1.739e-08,2.846e-07
_0969_,1.1,2.670e-07,0.000e+00,1.739e-08,2.844e-07
_1358_,1.1,2.632e-07,0.000e+00,1.739e-08,2.806e-07
_0887_,1.1,2.629e-07,0.000e+00,1.176e-08,2.747e-07
_0884_,1.1,2.629e-07,0.000e+00,1.176e-08,2.747e-07
_0881_,1.1,2.629e-07,0.000e+00,1.176e-08,2.747e-07
_0818_,1.1,2.629e-07,0.000e+00,1.176e-08,2.747e-07
_0878_,1.1,2.629e-07,0.000e+00,1.176e-08,2.747e-07
_0951_,1.1,2.477e-07,0.000e+00,2.208e-08,2.698e-07
_0956_,1.1,2.274e-07,0.000e+00,3.392e-08,2.614e-07
_1373_,1.1,1.993e-07,0.000e+00,4.557e-08,2.449e-07
_0954_,1.1,1.756e-07,0.000e+00,1.762e-08,1.932e-07
_1375_,1.1,1.624e-07,0.000e+00,6.970e-09,1.694e-07
_0961_,1.1,1.329e-07,0.000e+00,1.495e-08,1.478e-07
_1032_,1.1,1.248e-07,0.000e+00,1.435e-08,1.392e-07
_0760_,1.1,1.057e-07,0.000e+00,2.866e-08,1.343e-07
_0971_,1.1,1.116e-07,0.000e+00,1.435e-08,1.260e-07
_0993_,1.1,1.090e-07,0.000e+00,1.435e-08,1.234e-07
_0814_,1.1,1.026e-07,0.000e+00,1.441e-08,1.170e-07
_0994_,1.1,1.008e-07,0.000e+00,1.435e-08,1.152e-07
_1026_,1.1,1.032e-07,0.000e+00,1.200e-08,1.152e-07
_0776_,1.1,1.002e-07,0.000e+00,1.435e-08,1.145e-07
_0766_,1.1,1.002e-07,0.000e+00,1.435e-08,1.145e-07
_0999_,1.1,9.998e-08,0.000e+00,1.435e-08,1.143e-07
_0761_,1.1,9.978e-08,0.000e+00,1.435e-08,1.141e-07
_0837_,1.1,9.971e-08,0.000e+00,1.435e-08,1.141e-07
_0828_,1.1,9.971e-08,0.000e+00,1.435e-08,1.141e-07
_0852_,1.1,9.924e-08,0.000e+00,1.435e-08,1.136e-07
_0787_,1.1,9.924e-08,0.000e+00,1.435e-08,1.136e-07
_0835_,1.1,9.884e-08,0.000e+00,1.435e-08,1.132e-07
_0719_,1.1,9.877e-08,0.000e+00,1.435e-08,1.131e-07
_0765_,1.1,9.877e-08,0.000e+00,1.435e-08,1.131e-07
_0904_,1.1,9.801e-08,0.000e+00,1.435e-08,1.124e-07
_0913_,1.1,9.789e-08,0.000e+00,1.435e-08,1.122e-07
_0773_,1.1,9.983e-08,0.000e+00,1.209e-08,1.119e-07
_1004_,1.1,9.733e-08,0.000e+00,1.435e-08,1.117e-07
_0785_,1.1,9.717e-08,0.000e+00,1.435e-08,1.115e-07
_0892_,1.1,9.717e-08,0.000e+00,1.435e-08,1.115e-07
_0810_,1.1,9.717e-08,0.000e+00,1.435e-08,1.115e-07
_0985_,1.1,9.560e-08,0.000e+00,1.435e-08,1.100e-07
_1030_,1.1,9.531e-08,0.000e+00,1.435e-08,1.097e-07
_1377_,1.1,8.713e-08,0.000e+00,2.245e-08,1.096e-07
_1060_,1.1,9.489e-08,0.000e+00,1.435e-08,1.092e-07
_0997_,1.1,9.467e-08,0.000e+00,1.435e-08,1.090e-07
_1003_,1.1,9.448e-08,0.000e+00,1.435e-08,1.088e-07
_0896_,1.1,9.439e-08,0.000e+00,1.435e-08,1.087e-07
_0826_,1.1,9.438e-08,0.000e+00,1.435e-08,1.087e-07
_0986_,1.1,9.393e-08,0.000e+00,1.435e-08,1.083e-07
_1055_,1.1,9.366e-08,0.000e+00,1.435e-08,1.080e-07
_0909_,1.1,9.346e-08,0.000e+00,1.435e-08,1.078e-07
_1360_,1.1,9.333e-08,0.000e+00,1.435e-08,1.077e-07
_1006_,1.1,9.332e-08,0.000e+00,1.435e-08,1.077e-07
_0897_,1.1,9.330e-08,0.000e+00,1.435e-08,1.077e-07
_0800_,1.1,9.330e-08,0.000e+00,1.435e-08,1.077e-07
_1285_,1.1,9.217e-08,0.000e+00,1.435e-08,1.065e-07
_0771_,1.1,9.424e-08,0.000e+00,1.223e-08,1.065e-07
_1325_,1.1,9.204e-08,0.000e+00,1.435e-08,1.064e-07
_1201_,1.1,9.195e-08,0.000e+00,1.435e-08,1.063e-07
_1023_,1.1,9.053e-08,0.000e+00,1.102e-08,1.016e-07
_0759_,1.1,8.339e-08,0.000e+00,1.122e-08,9.461e-08
_0758_,1.1,7.090e-08,0.000e+00,1.116e-08,8.206e-08
_0805_,1.1,7.070e-08,0.000e+00,1.116e-08,8.186e-08
_1277_,1.1,7.021e-08,0.000e+00,1.116e-08,8.137e-08
_0915_,1.1,6.542e-08,0.000e+00,8.537e-09,7.396e-08
_0731_,1.1,3.523e-08,0.000e+00,2.813e-08,6.336e-08
_0803_,1.1,4.989e-08,0.000e+00,1.063e-08,6.053e-08
is_full_$_SDFFE_PP0P__Q,1.1,5.739e-08,0.000e+00,5.358e-10,5.792e-08
_0950_,1.1,3.307e-08,0.000e+00,2.295e-08,5.602e-08
_0734_,1.1,2.843e-08,0.000e+00,2.548e-08,5.391e-08
_0757_,1.1,4.312e-13,0.000e+00,5.135e-08,5.135e-08
_0755_,1.1,1.294e-09,0.000e+00,2.070e-08,2.199e-08
_0756_,1.1,4.297e-13,0.000e+00,2.032e-08,2.033e-08
_0856_,1.1,2.543e-13,0.000e+00,1.995e-08,1.995e-08
_0847_,1.1,2.543e-13,0.000e+00,1.995e-08,1.995e-08
_0842_,1.1,2.543e-13,0.000e+00,1.995e-08,1.995e-08
_0862_,1.1,6.961e-14,0.000e+00,1.977e-08,1.977e-08
_0869_,1.1,6.556e-14,0.000e+00,1.977e-08,1.977e-08
_0831_,1.1,7.819e-14,0.000e+00,1.010e-08,1.010e-08
_0848_,1.1,4.089e-14,0.000e+00,1.010e-08,1.010e-08
_1372_,1.1,1.024e-13,0.000e+00,7.198e-09,7.198e-09
